{
	"debug": false,
	"simulation": 
	{
		"time": 
		{
			"factor": 5,
			"max dt": 0.05
		},

		"bees": 
		{
			"generic": 
			{
				"moving behaviour": 
				{
					"random": 
					{
						"rotation probability": 0.02,
						"rotation angle max": 0.785398163
					}
				},

				"texture": "bee/scout1.png"
			},

			"scout": 
			{
				"visibility range": 1,
				"moving behaviour": 
				{
					"random": 
					{
						"rotation probability": 0.02,
						"rotation angle max": 0.785398163
					},

					"target": 
					{
						"avoidance delay": 0.5
					}
				},

				"size": 8,
				"energy": 
				{
					"initial": 10,
					"to leave hive": 3,
					"to seek flowers": 2,
					"consumption rates": 
					{
						"idle": 0.01,
						"moving": 0.05,
						"eating": 0.1
					}
				},

				"sharing": 
				{
					"max": 2
				},

				"speed": 20,
				"texture": "bee/scout3.png"
			},

			"worker": 
			{
				"visibility range": 1,
				"moving behaviour": 
				{
					"random": 
					{
						"comment": "not relevant"
					},

					"target": 
					{
						"avoidance delay": 0.5
					}
				},

				"size": 13,
				"energy": 
				{
					"initial": 20,
					"to leave hive": 22,
					"to collect pollen": 20,
					"consumption rates": 
					{
						"idle": 0.015,
						"moving": 0.06,
						"eating": 0.1
					}
				},

				"transfer rate": 12,
				"harvest rate": 8,
				"max pollen capacity": 100,
				"speed": 10,
				"texture": "bee/worker1.png"
			},

			"queen": 
			{
				"visibility range": 1,
				"moving behaviour": 
				{
					"random": 
					{
						"rotation probability": 0.02,
						"rotation angle max": 0.785398163
					},

					"target": 
					{
						"avoidance delay": 1
					}
				},

				"size": 14,
				"energy": 
				{
					"initial": 100,
					"to migrate": 1100,
					"in hive": 100,
					"create hive": 1000,
					"nectar transfer rate": 10,
					"consumption rates": 
					{
						"idle": 0.15,
						"moving": 0.6,
						"eating": 20
					}
				},

				"reproduction": 
				{
					"scout probability": 0.5
				},

				"speed": 7,
				"migration distance": 80,
				"texture": "bee/worker2.png"
			}
		},

		"cave": 
		{
			"texture": "cave.png",
			"size": 100
		},

		"bear": 
		{
			"visibility range": 5,
			"moving behaviour": 
			{
				"random": 
				{
					"rotation probability": 0.01,
					"rotation angle max": 0.485398163
				},

				"target": 
				{
					"avoidance delay": 2
				}
			},

			"size": 60,
			"energy": 
			{
				"initial": 500,
				"to leave cave": 100,
				"consumption rates": 
				{
					"idle": 0.03,
					"moving": 0.12,
					"eating": 0.1,
					"seeking hive": 0.12
				}
			},

			"honey eating rate": 10,
			"max honey capacity": 950,
			"hibernation": 
			{
				"maximum time": 10
			},

			"speed": 3,
			"textures": 
			{
				"walking": 
				{
					"file name": "bear/bear_walking_",
					"number files": 20
				},

				"delay": 0.1
			}
		},

		"flower": 
		{
			"textures": 
			[
				"flowerA.png",
				"flowerB.png",
				"flowerC.png"
			],

			"growth": 
			{
				"threshold": 200,
				"split": 400
			}
		},

		"flower generator": 
		{
			"active": true,
			"delay": 5.0
		},

		"hive": 
		{
			"initial": 
			{
				"nectar": 1000
			},

			"reproduction": 
			{
				"nectar threshold": 800,
				"scout probability": 0.7,
				"max bees": 25
			},

			"migration threshold": 2000,
			"max queens": 3,
			"texture": "hive.png"
		},

		"world": 
		{
			"size": 400,
			"cells": 200,
			"seeds": 
			{
				"grass": 15,
				"water": 1,
				"water teleport probability": 0.0001
			},

			"generation": 
			{
				"steps": 20000,
				"smoothness": 
				{
					"level": 10,
					"grass neighbourhood ratio": 0.5,
					"water neighbourhood ratio": 0.75
				},

				"humidity": 
				{
					"decay rate": 20,
					"initial level": 25,
					"threshold": 0.5
				}
			},

			"textures": 
			{
				"grass": "grass2.jpg",
				"rock": "sand.jpg",
				"water": "water.jpg"
			},

			"show humidity": false,
			"file": "world3.map"
		},

		"env": 
		{
			"initial": 
			{
				"flower": 
				{
					"count": 0,
					"max failures": 1000,
					"size": 
					{
						"min": 5,
						"max": 15,
						"manual": 10
					},

					"nectar": 
					{
						"min": 50,
						"max": 200
					}
				},

				"hive": 
				{
					"count": 0,
					"max failures": 1000,
					"size": 
					{
						"min": 12,
						"max": 32,
						"manual": 22
					},

					"hiveable factor": 3
				},

				"cave": 
				{
					"count": 0,
					"max failures": 1000,
					"size": 
					{
						"min": 50,
						"max": 100,
						"manual": 75
					}
				}
			},

			"max flowers": 300,
			"max hives": 5,
			"max caves": 1
		}
	},

	"stats": 
	{
		"refresh rate": 1
	},

	"window": 
	{
		"antialiasing level": 4,
		"title": "INFOSV Simulation",
		"simulation": 
		{
			"size": 900
		},

		"stats": 
		{
			"height": 200
		}
	}
}
