{
	"debug" : false,
	"simulation" : {
		"time" : {
			"factor" : 5,
			"max dt" : 0.05
		},
		"bees" : {
			"generic" : {
				"moving behaviour" : {
					"random" : {
						"rotation probability" : 0.02,
						"rotation angle max" : 0.785398163
					}
				},
				"texture" : "scout1.png"
			},
			"scout" : {
				"visibility range" : 1,
				"moving behaviour" : {
					"random" : {
						"rotation probability" : 0.02,
						"rotation angle max" : 0.785398163
					},
					"target" : {
						"avoidance delay" : 0.2
					}
				},
				"size" : 10,
				"energy" : {
					"initial" : 10,
					"to leave hive" : 3,
					"to seek flowers" : 2,
					"consumption rates" : {
						"idle" :  0.01,
						"moving": 0.05,
						"eating": 0.1
					}
				},
				"sharing" : {
					"max" : 2
				},
				"speed" : 20,
				"texture" : "scout3.png"
			},
			"worker" : {
				"visibility range" : 1,
				"moving behaviour" : {
					"random" : {
						"comment" : "not relevant"
					},
					"target" : {
						"avoidance delay" : 0.2
					}
				},
				"size" : 15,
				"energy" : {
					"initial" : 20,
					"to leave hive" : 22,
					"consumption rates" : {
						"idle" :  0.015,
						"moving": 0.06,
						"eating": 0.1
					}
				},
				"transfer rate" : 12,
				"harvest rate" : 8,
				"max pollen capacity" : 100,
				"speed" : 10,
				"texture" : "worker1.png"
			}
		},
		"cave" : {
			"texture" : "cave.png",
			"size" : 100
		},
		"bear" : {
			"visibility range" : 4,
			"moving behaviour" : {
				"random" : {
					"rotation probability" : 0.01,
					"rotation angle max" : 0.485398163 
				},
				"target" : {
					"avoidance delay" : 2
				}
			},
			"size" : 60,
			"energy" : {
				"initial": 500,
				"to leave cave": 100,
				"consumption rates" : {
					"idle" : 0.03,
					"moving" : 0.12,
					"eating" : 0.1,
					"seeking hive" : 0.12
				}
			},
			"honey eating rate" : 10,
			"hibernation" : {
				"maximum time" : 10
			},
			"speed" : 5,
			"texture" : "walkingbear.png"
		},
		"flower" : {
			"textures" : [ "flowerA.png", "flowerB.png", "flowerC.png" ],
			"growth" : {
				"threshold" : 200,
				"split" : 400
			}
		},
		"flower generator" : {
			"active" : true,
			"delay" : 5.0
		},
		"hive" : {
			"initial" : {
				"nectar" : 1000
			},
			"reproduction" : {
				"nectar threshold" : 800,
				"scout probability" : 0.7,
				"max bees" : 25
			},
			"texture" : "hive.png"
		},
		"world" : {
			"size" : 400,
			"cells" : 200,
			"seeds" : {
				"grass" :15,
				"water" : 1,
				"water teleport probability" : 0.0001
			},
			"generation" : {
				"steps" : 20000,
				"smoothness" : {
					"level" : 10,
					"grass neighbourhood ratio" : 0.5,
					"water neighbourhood ratio" : 0.95
				},
				"humidity" : {
					"decay rate" : 20,
					"initial level" : 25,
					"threshold" : 0.5
				}
			},
			"textures" : {
				"grass" : "grass2.jpg",
				"rock" : "sand.jpg",
				"water" : "water.jpg"
			},
			"show humidity" : false,
			"file" : "world3.map"
		},
		"env" : {
			"initial" : {
				"flower" : {
					"count" : 0,
					"max failures" : 1000,
					"size" : {
						"min" : 5,
						"max" : 15,
						"manual" : 10
					},
					"nectar" : {
						"min" : 50,
						"max" : 200
					}
				},
				"hive" : {
					"count" : 0,
					"max failures" : 1000,
					"size" : {
						"min" : 20,
						"max" : 40,
						"manual" : 30
					},
					"hiveable factor" : 3
				},
				"cave" : {
					"count" : 0,
					"max failures" : 1000,
					"size" : {
						"min" : 50,
						"max" : 100,
						"manual" : 75
					}
				}
			},
			"max flowers" : 300
		}
	},
	"stats" : {
		"refresh rate" : 1
	},
	"window" : {
		"antialiasing level" : 4,
		"title" : "INFOSV Simulation",
		"simulation" : { "size" : 900 },
		"stats" : { "height" : 100 }
	}
}
