{
    "debug" : true,
    "simulation" : {
        "time" : {
            "factor" : 5,
            "max dt" : 0.05
        },
        "bees" : {
            "generic" : {
                "moving behaviour" : {
                    "random" : {
                        "rotation probability" : 0.02,
                        "rotation angle max" : 0.785398163
                    }
                },
                "texture" : "scout1.png"
            },
            "scout" : {
                "visibility range" : 50,
                "moving behaviour" : {
                    "random" : {
                        "rotation probability" : 0.02,
                        "rotation angle max" : 0.785398163
                    },
                    "target" : {
                        "avoidance delay" : 0.2
                    }
                },
                "size" : 5,
                "energy" : {
                    "initial" : 60,
                    "to leave hive" : 60,
                    "to seek flowers" : 30,
                    "consumption rates" : {
                       "idle" :  0.1,
                       "moving": 0.5,
                       "eating": 20
                    }
                },
                "sharing" : {
                    "max" : 2
                },
                "speed" : 20,
                "texture" : "scout1.png"
            },
            "worker" : {
                "visibility range" : 20,
                "moving behaviour" : {
                    "random" : {
                        "comment" : "not relevant"
                    },
                    "target" : {
                        "avoidance delay" : 0.2
                    }
                },
                "size" : 10,
                "energy" : {
                    "initial" : 100,
                    "to leave hive" : 40,
                    "consumption rates" : {
                       "idle" :  0.15,
                       "moving": 0.6,
                       "eating": 20
                    }
                },
                "transfer rate" : 5,
                "harvest rate" : 4,
                "max pollen capacity" : 100,
                "speed" : 10,
                "texture" : "worker1.png"
            }
        },
        		"cave" : {
			"texture" : "cave.png",
			"size" : 100
		},
		"bear" : {
			"visibility range" : 60,
			"moving behaviour" : {
				"random" : {
					"rotation probability" : 0.01,
					"rotation angle max" : 0.485398163 
				},
				"target" : {
					"avoidance delay" : 0.2
				}
			},
			"size" : 60,
			"energy" : {
				"initial": 500,
				"to leave cave": 100,
				"consumption rates" : {
					"idle" : 0.03,
					"moving" : 0.12,
					"eating" : 0.1,
					"seeking hive" : 0.12
				}
			},
			"honey eating rate" : 10,
			"hibernation" : {
				"maximum time" : 10
			},
			"speed" : 5,
			"textures" : {
				"walking" : {
					"file name" : "bear/bear_walking_",
					"number files" : 19
				},
				"delay" : 0.1
			}
		},
        "flower" : {
            "textures" : [ "flowerA.png", "flowerB.png", "flowerC.png" ],
            "growth" : {
                "threshold" : 500,
                "split" : 300
            }
        },
        "flower generator" : {
            "active" : true,
            "delay" : 5.0
        },
        "hive" : {
            "initial" : {
                "nectar" : 1000
            },
            "reproduction" : {
                "nectar threshold" : 200,
                "scout probability" : 0.5,
                "max bees" : 25
            },
            "texture" : "hive.png"
        },
        "world" : {
            "size" : 5000,
            "cells" : 500,
            "seeds" : {
                "grass" : 50,
                "water" : 5,
                "water teleport probability" : 0.0001
            },
            "generation" : {
                "steps" : 20000,
                "smoothness" : {
                    "level" : 5,
                    "grass neighbourhood ratio" : 0.5,
                    "water neighbourhood ratio" : 0.5
                },
                "humidity" : {
                    "decay rate" : 20,
                    "initial level" : 25,
                    "threshold" : 0.5
                }
            },
            "textures" : {
                "grass" : "grass2.jpg",
                "rock" : "sand.jpg",
                "water" : "water.jpg"
            },
            "show humidity" : false,
            "file" : "world.map"
        },
        "env" : {
            "initial" : {
                "flower" : {
                    "count" : 300,
                    "max failures" : 1000,
                    "size" : {
                        "min" : 5,
                        "max" : 15,
                        "manual" : 10
                    },
                    "nectar" : {
                        "min" : 50,
                        "max" : 200
                    }
                },
                "hive" : {
                    "count" : 10,
                    "max failures" : 1000,
                    "size" : {
                        "min" : 20,
                        "max" : 40,
                        "manual" : 30
                    },
                    "hiveable factor" : 3
                },
                "cave" : {		

					"count" : 0,
					"max failures" : 1000,
					"size" : {
						"min" : 50,
						"max" : 100,
						"manual" : 75
					}
				}
            },
            "max flowers" : 1000,
	    "max caves" :1
        }
    },
    "stats" : {
        "refresh rate" : 1
    },
    "window" : {
        "antialiasing level" : 4,
        "title" : "INFOSV Simulation",
        "simulation" : { "size" : 900 },
        "stats" : { "height" : 200 }
    }
}
